{
  "active_channels": [
    "@FeaturesticLeaks",
    "-1003127698519",
    "-1003816298791",
    "-1002209470453",
    "-1003804841318",
    "-1003358292168",
    -1002740071713,
    "-1002740071713",
    -1003396595597,
    "-1003396595597",
    -1001905995742,
    "-1001905995742",
    -1001985948036,
    "-1001985948036"
  ],
  "channel_states": {
    "@FeaturesticLeaks": {
      "official_welcome_ad": 1783491650.8230114,
      "mod_making_course_free": 1783465855.056418,
      "ad_1783319193": 1783439325.4953134,
      "ad_1783337294": 1783465855.5422077,
      "ad_1783416371": 1783474029.097557
    },
    "-1003127698519": {
      "official_welcome_ad": 1783491773.958023,
      "mod_making_course_free": 1783465856.0604827,
      "ad_1783319193": 1783439326.077134,
      "ad_1783337294": 1783465856.5735803,
      "ad_1783416371": 1783474029.6683562
    },
    "-1003816298791": {
      "official_welcome_ad": 1783491835.852983,
      "mod_making_course_free": 1783465857.0974622,
      "ad_1783319193": 1783439326.7578707,
      "ad_1783337294": 1783465857.6041336,
      "ad_1783416371": 1783474030.2188926
    },
    "-1002209470453": {
      "official_welcome_ad": 1783491836.4582174,
      "mod_making_course_free": 1783465858.1162999,
      "ad_1783319193": 1783439327.313439,
      "ad_1783337294": 1783465858.5997047,
      "ad_1783416371": 1783474030.7065032
    },
    "-1003804841318": {
      "official_welcome_ad": 1783491898.3232856,
      "mod_making_course_free": 1783465859.1102488,
      "ad_1783319193": 1783439327.87235,
      "ad_1783337294": 1783465859.624204,
      "ad_1783416371": 1783474031.2275264
    },
    "-1003358292168": {
      "official_welcome_ad": 1783492266.6008663,
      "mod_making_course_free": 1783434681.847505,
      "ad_1783319193": 1783439450.8947985,
      "ad_1783337294": 1783465860.1825552,
      "ad_1783416371": 1783474031.7791953
    },
    "-1002740071713": {
      "official_welcome_ad": 1783492328.7421591,
      "mod_making_course_free": 1783434743.683246,
      "ad_1783319193": 1783439573.8641977,
      "ad_1783337294": 1783465860.7449796,
      "ad_1783416371": 1783474032.3842056
    },
    "-1003396595597": {
      "official_welcome_ad": 1783492451.8363302,
      "mod_making_course_free": 1783434866.2019892,
      "ad_1783319193": 1783439635.413613,
      "ad_1783337294": 1783465861.2632594,
      "ad_1783416371": 1783474032.9404728
    },
    "-1001905995742": {
      "official_welcome_ad": 1783492513.8221111,
      "mod_making_course_free": 1783434927.7740688,
      "ad_1783319193": 1783439697.1202278,
      "ad_1783337294": 1783465861.8336322,
      "ad_1783416371": 1783474033.6123548
    },
    "-1001985948036": {
      "official_welcome_ad": 1783492636.9057107,
      "mod_making_course_free": 1783435050.4340436,
      "ad_1783319193": 1783439881.3574123,
      "ad_1783337294": 1783465862.3584309,
      "ad_1783416371": 1783474034.266604
    }
  },
  "official_welcome_ad": 1783492636.9057124,
  "admin_chat_id": 1969067694,
  "admin_states": {
    "1969067694": {
      "step": "None",
      "temp_ad": {},
      "editing_ad_id": null
    }
  },
  "mod_making_course_free": 1783465859.1102505,
  "ad_1783319193": 1783439881.3574142,
  "ad_1783337294": 1783465862.3584332,
  "ad_1783416371": 1783474034.2666059
}