{
  "active_channels": [
    "@FeaturesticLeaks",
    "-1003127698519",
    "-1003816298791",
    "-1002209470453",
    "-1003804841318",
    "-1003358292168",
    -1002740071713,
    "-1002740071713",
    -1003396595597,
    "-1003396595597",
    -1001905995742,
    "-1001905995742",
    -1001985948036,
    "-1001985948036"
  ],
  "channel_states": {
    "@FeaturesticLeaks": {
      "official_welcome_ad": 1783318747.7684832,
      "mod_making_course_free": 1783361956.6725469,
      "ad_1783319193": 1783367311.5951328,
      "ad_1783337294": 1783391372.773928
    },
    "-1003127698519": {
      "official_welcome_ad": 1783318868.1978204,
      "mod_making_course_free": 1783362080.6182907,
      "ad_1783319193": 1783367312.2558117,
      "ad_1783337294": 1783391373.2872398
    },
    "-1003816298791": {
      "official_welcome_ad": 1783318937.1220112,
      "mod_making_course_free": 1783362142.9327965,
      "ad_1783319193": 1783367312.9679363,
      "ad_1783337294": 1783391373.808325
    },
    "-1002209470453": {
      "official_welcome_ad": 1783318937.811532,
      "mod_making_course_free": 1783362143.6072161,
      "ad_1783319193": 1783367313.6458907,
      "ad_1783337294": 1783391374.310913
    },
    "-1003804841318": {
      "official_welcome_ad": 1783319002.0860295,
      "mod_making_course_free": 1783362205.894612,
      "ad_1783319193": 1783367314.3666785,
      "ad_1783337294": 1783391374.8342175
    },
    "-1003358292168": {
      "official_welcome_ad": 1783319438.0143855,
      "mod_making_course_free": 1783348258.9997957,
      "ad_1783319193": 1783367438.1528668,
      "ad_1783337294": 1783391375.4254742
    },
    "-1002740071713": {
      "official_welcome_ad": 1783319505.061835,
      "mod_making_course_free": 1783348321.052378,
      "ad_1783319193": 1783367561.9656148,
      "ad_1783337294": 1783391375.9763067
    },
    "-1003396595597": {
      "official_welcome_ad": 1783319622.955141,
      "mod_making_course_free": 1783348443.8878856,
      "ad_1783319193": 1783367624.263902,
      "ad_1783337294": 1783391376.893582
    },
    "-1001905995742": {
      "official_welcome_ad": 1783319685.4931629,
      "mod_making_course_free": 1783348505.6163595,
      "ad_1783319193": 1783367686.5649118,
      "ad_1783337294": 1783391377.452123
    },
    "-1001985948036": {
      "official_welcome_ad": 1783319816.9710827,
      "mod_making_course_free": 1783348628.4526987,
      "ad_1783319193": 1783367871.852676,
      "ad_1783337294": 1783391378.1211233
    }
  },
  "official_welcome_ad": 1783319816.9710844,
  "admin_chat_id": 1969067694,
  "admin_states": {
    "1969067694": {
      "step": "None",
      "temp_ad": {},
      "editing_ad_id": null
    }
  },
  "mod_making_course_free": 1783362205.8946135,
  "ad_1783319193": 1783367871.8526773,
  "ad_1783337294": 1783391378.121125
}