{
  "active_channels": [
    "@FeaturesticLeaks",
    "-1003127698519",
    "-1003816298791",
    "-1002209470453",
    "-1003804841318",
    "-1003358292168",
    -1002740071713,
    "-1002740071713",
    -1003396595597,
    "-1003396595597",
    -1001905995742,
    "-1001905995742",
    -1001985948036,
    "-1001985948036"
  ],
  "channel_states": {
    "@FeaturesticLeaks": {
      "official_welcome_ad": 1783578056.2736697,
      "mod_making_course_free": 1783552308.5463192,
      "ad_1783319193": 1783583361.0886025,
      "ad_1783337294": 1783609911.102396,
      "ad_1783416371": 1783546034.1010795
    },
    "-1003127698519": {
      "official_welcome_ad": 1783578178.7240567,
      "mod_making_course_free": 1783552309.1633458,
      "ad_1783319193": 1783583361.61253,
      "ad_1783337294": 1783609911.8924627,
      "ad_1783416371": 1783546034.7834275
    },
    "-1003816298791": {
      "official_welcome_ad": 1783578240.1232932,
      "mod_making_course_free": 1783552309.80899,
      "ad_1783319193": 1783583362.1357532,
      "ad_1783337294": 1783609912.463916,
      "ad_1783416371": 1783546035.4986954
    },
    "-1002209470453": {
      "official_welcome_ad": 1783578240.6198804,
      "mod_making_course_free": 1783552310.4112425,
      "ad_1783319193": 1783583362.6473885,
      "ad_1783337294": 1783609913.028509,
      "ad_1783416371": 1783546036.1738324
    },
    "-1003804841318": {
      "official_welcome_ad": 1783578302.0908346,
      "mod_making_course_free": 1783552311.016552,
      "ad_1783319193": 1783583363.1714447,
      "ad_1783337294": 1783609913.6863315,
      "ad_1783416371": 1783546036.8895528
    },
    "-1003358292168": {
      "official_welcome_ad": 1783578668.2394433,
      "mod_making_course_free": 1783607524.8875625,
      "ad_1783319193": 1783583485.5066864,
      "ad_1783337294": 1783609914.457378,
      "ad_1783416371": 1783546037.673007
    },
    "-1002740071713": {
      "official_welcome_ad": 1783578729.9416473,
      "mod_making_course_free": 1783607587.0420759,
      "ad_1783319193": 1783583607.8673036,
      "ad_1783337294": 1783609915.1617968,
      "ad_1783416371": 1783546038.4072826
    },
    "-1003396595597": {
      "official_welcome_ad": 1783578852.4361012,
      "mod_making_course_free": 1783607709.988562,
      "ad_1783319193": 1783583669.2997499,
      "ad_1783337294": 1783609915.8263357,
      "ad_1783416371": 1783546039.1268945
    },
    "-1001905995742": {
      "official_welcome_ad": 1783578974.847528,
      "mod_making_course_free": 1783607771.8005688,
      "ad_1783319193": 1783583730.7855225,
      "ad_1783337294": 1783609916.444803,
      "ad_1783416371": 1783546039.8695474
    },
    "-1001985948036": {
      "official_welcome_ad": 1783579097.1728823,
      "mod_making_course_free": 1783607894.6632378,
      "ad_1783319193": 1783583913.957797,
      "ad_1783337294": 1783609917.0623844,
      "ad_1783416371": 1783546040.6277912
    }
  },
  "official_welcome_ad": 1783579097.1728837,
  "admin_chat_id": 1969067694,
  "admin_states": {
    "1969067694": {
      "step": "None",
      "temp_ad": {},
      "editing_ad_id": null
    }
  },
  "mod_making_course_free": 1783607894.66324,
  "ad_1783319193": 1783583913.9577982,
  "ad_1783337294": 1783609917.0623863,
  "ad_1783416371": 1783546040.627792
}