{
  "active_channels": [
    "@FeaturesticLeaks",
    "-1003127698519",
    "-1003816298791",
    "-1002209470453",
    "-1003804841318",
    "-1003358292168",
    -1002740071713,
    "-1002740071713",
    -1003396595597,
    "-1003396595597",
    -1001905995742,
    "-1001905995742",
    -1001985948036,
    "-1001985948036"
  ],
  "channel_states": {
    "@FeaturesticLeaks": {
      "official_welcome_ad": 1783491650.8230114,
      "mod_making_course_free": 1783465855.056418,
      "ad_1783319193": 1783511359.2355862,
      "ad_1783337294": 1783537902.6863399,
      "ad_1783416371": 1783546034.1010795
    },
    "-1003127698519": {
      "official_welcome_ad": 1783491773.958023,
      "mod_making_course_free": 1783465856.0604827,
      "ad_1783319193": 1783511359.7441475,
      "ad_1783337294": 1783537903.3697157,
      "ad_1783416371": 1783546034.7834275
    },
    "-1003816298791": {
      "official_welcome_ad": 1783491835.852983,
      "mod_making_course_free": 1783465857.0974622,
      "ad_1783319193": 1783511360.2583501,
      "ad_1783337294": 1783537904.080629,
      "ad_1783416371": 1783546035.4986954
    },
    "-1002209470453": {
      "official_welcome_ad": 1783491836.4582174,
      "mod_making_course_free": 1783465858.1162999,
      "ad_1783319193": 1783511360.740886,
      "ad_1783337294": 1783537904.7432158,
      "ad_1783416371": 1783546036.1738324
    },
    "-1003804841318": {
      "official_welcome_ad": 1783491898.3232856,
      "mod_making_course_free": 1783465859.1102488,
      "ad_1783319193": 1783511361.4433563,
      "ad_1783337294": 1783537905.4500763,
      "ad_1783416371": 1783546036.8895528
    },
    "-1003358292168": {
      "official_welcome_ad": 1783492266.6008663,
      "mod_making_course_free": 1783521116.6039484,
      "ad_1783319193": 1783511484.0373623,
      "ad_1783337294": 1783537906.1885505,
      "ad_1783416371": 1783546037.673007
    },
    "-1002740071713": {
      "official_welcome_ad": 1783492328.7421591,
      "mod_making_course_free": 1783521178.335153,
      "ad_1783319193": 1783511606.8215082,
      "ad_1783337294": 1783537907.0905323,
      "ad_1783416371": 1783546038.4072826
    },
    "-1003396595597": {
      "official_welcome_ad": 1783492451.8363302,
      "mod_making_course_free": 1783521300.7918847,
      "ad_1783319193": 1783511668.3414779,
      "ad_1783337294": 1783537907.8164601,
      "ad_1783416371": 1783546039.1268945
    },
    "-1001905995742": {
      "official_welcome_ad": 1783492513.8221111,
      "mod_making_course_free": 1783521362.3484554,
      "ad_1783319193": 1783511729.9421744,
      "ad_1783337294": 1783537908.5520647,
      "ad_1783416371": 1783546039.8695474
    },
    "-1001985948036": {
      "official_welcome_ad": 1783492636.9057107,
      "mod_making_course_free": 1783521484.864352,
      "ad_1783319193": 1783511913.2922418,
      "ad_1783337294": 1783537909.2744932,
      "ad_1783416371": 1783546040.6277912
    }
  },
  "official_welcome_ad": 1783492636.9057124,
  "admin_chat_id": 1969067694,
  "admin_states": {
    "1969067694": {
      "step": "None",
      "temp_ad": {},
      "editing_ad_id": null
    }
  },
  "mod_making_course_free": 1783521484.864353,
  "ad_1783319193": 1783511913.2922432,
  "ad_1783337294": 1783537909.2744944,
  "ad_1783416371": 1783546040.627792
}