{
  "active_channels": [
    "@FeaturesticLeaks",
    "-1003127698519",
    "-1003816298791",
    "-1002209470453",
    "-1003804841318",
    "-1003358292168",
    -1002740071713,
    "-1002740071713",
    -1003396595597,
    "-1003396595597",
    -1001905995742,
    "-1001905995742",
    -1001985948036,
    "-1001985948036"
  ],
  "channel_states": {
    "@FeaturesticLeaks": {
      "official_welcome_ad": 1783318747.7684832,
      "mod_making_course_free": 1783275547.0764194,
      "ad_1783319193": 1783295252.2235277,
      "ad_1783337294": 1783319353.7579987
    },
    "-1003127698519": {
      "official_welcome_ad": 1783318868.1978204,
      "mod_making_course_free": 1783275667.4708679,
      "ad_1783319193": 1783295252.2238376,
      "ad_1783337294": 1783319353.758272
    },
    "-1003816298791": {
      "official_welcome_ad": 1783318937.1220112,
      "mod_making_course_free": 1783275736.3947406,
      "ad_1783319193": 1783295252.224367,
      "ad_1783337294": 1783319353.7587862
    },
    "-1002209470453": {
      "official_welcome_ad": 1783318937.811532,
      "mod_making_course_free": 1783275737.1223838,
      "ad_1783319193": 1783295252.2246764,
      "ad_1783337294": 1783319353.7592385
    },
    "-1003804841318": {
      "official_welcome_ad": 1783319002.0860295,
      "mod_making_course_free": 1783275801.3432178,
      "ad_1783319193": 1783295252.2250266,
      "ad_1783337294": 1783319353.7596726
    },
    "-1003358292168": {
      "official_welcome_ad": 1783319438.0143855,
      "mod_making_course_free": 1783261837.1862557,
      "ad_1783319193": 1783295437.1862562,
      "ad_1783337294": 1783319353.7604184
    },
    "-1002740071713": {
      "official_welcome_ad": 1783319505.061835,
      "mod_making_course_free": 1783261904.28653,
      "ad_1783319193": 1783295504.2865305,
      "ad_1783337294": 1783319353.7610807
    },
    "-1003396595597": {
      "official_welcome_ad": 1783319622.955141,
      "mod_making_course_free": 1783262022.1632261,
      "ad_1783319193": 1783295622.1632266,
      "ad_1783337294": 1783319353.76162
    },
    "-1001905995742": {
      "official_welcome_ad": 1783319685.4931629,
      "mod_making_course_free": 1783262084.6338124,
      "ad_1783319193": 1783295684.6338131,
      "ad_1783337294": 1783319353.7621465
    },
    "-1001985948036": {
      "official_welcome_ad": 1783319816.9710827,
      "mod_making_course_free": 1783262216.129083,
      "ad_1783319193": 1783295816.1290834,
      "ad_1783337294": 1783319353.7626214
    }
  },
  "official_welcome_ad": 1783319816.9710844,
  "admin_chat_id": 1969067694,
  "admin_states": {
    "1969067694": {
      "step": "None",
      "temp_ad": {},
      "editing_ad_id": null
    }
  }
}