{
  "active_channels": [
    "@FeaturesticLeaks",
    "-1003127698519",
    "-1003816298791",
    "-1002209470453",
    "-1003804841318",
    "-1003358292168",
    -1002740071713,
    "-1002740071713",
    -1003396595597,
    "-1003396595597",
    -1001905995742,
    "-1001905995742",
    -1001985948036,
    "-1001985948036"
  ],
  "channel_states": {
    "@FeaturesticLeaks": {
      "official_welcome_ad": 1783578056.2736697,
      "mod_making_course_free": 1783552308.5463192,
      "ad_1783319193": 1783583361.0886025,
      "ad_1783337294": 1783537902.6863399,
      "ad_1783416371": 1783546034.1010795
    },
    "-1003127698519": {
      "official_welcome_ad": 1783578178.7240567,
      "mod_making_course_free": 1783552309.1633458,
      "ad_1783319193": 1783583361.61253,
      "ad_1783337294": 1783537903.3697157,
      "ad_1783416371": 1783546034.7834275
    },
    "-1003816298791": {
      "official_welcome_ad": 1783578240.1232932,
      "mod_making_course_free": 1783552309.80899,
      "ad_1783319193": 1783583362.1357532,
      "ad_1783337294": 1783537904.080629,
      "ad_1783416371": 1783546035.4986954
    },
    "-1002209470453": {
      "official_welcome_ad": 1783578240.6198804,
      "mod_making_course_free": 1783552310.4112425,
      "ad_1783319193": 1783583362.6473885,
      "ad_1783337294": 1783537904.7432158,
      "ad_1783416371": 1783546036.1738324
    },
    "-1003804841318": {
      "official_welcome_ad": 1783578302.0908346,
      "mod_making_course_free": 1783552311.016552,
      "ad_1783319193": 1783583363.1714447,
      "ad_1783337294": 1783537905.4500763,
      "ad_1783416371": 1783546036.8895528
    },
    "-1003358292168": {
      "official_welcome_ad": 1783578668.2394433,
      "mod_making_course_free": 1783521116.6039484,
      "ad_1783319193": 1783583485.5066864,
      "ad_1783337294": 1783537906.1885505,
      "ad_1783416371": 1783546037.673007
    },
    "-1002740071713": {
      "official_welcome_ad": 1783578729.9416473,
      "mod_making_course_free": 1783521178.335153,
      "ad_1783319193": 1783583607.8673036,
      "ad_1783337294": 1783537907.0905323,
      "ad_1783416371": 1783546038.4072826
    },
    "-1003396595597": {
      "official_welcome_ad": 1783578852.4361012,
      "mod_making_course_free": 1783521300.7918847,
      "ad_1783319193": 1783583669.2997499,
      "ad_1783337294": 1783537907.8164601,
      "ad_1783416371": 1783546039.1268945
    },
    "-1001905995742": {
      "official_welcome_ad": 1783578974.847528,
      "mod_making_course_free": 1783521362.3484554,
      "ad_1783319193": 1783583730.7855225,
      "ad_1783337294": 1783537908.5520647,
      "ad_1783416371": 1783546039.8695474
    },
    "-1001985948036": {
      "official_welcome_ad": 1783579097.1728823,
      "mod_making_course_free": 1783521484.864352,
      "ad_1783319193": 1783583913.957797,
      "ad_1783337294": 1783537909.2744932,
      "ad_1783416371": 1783546040.6277912
    }
  },
  "official_welcome_ad": 1783579097.1728837,
  "admin_chat_id": 1969067694,
  "admin_states": {
    "1969067694": {
      "step": "None",
      "temp_ad": {},
      "editing_ad_id": null
    }
  },
  "mod_making_course_free": 1783552311.0165539,
  "ad_1783319193": 1783583913.9577982,
  "ad_1783337294": 1783537909.2744944,
  "ad_1783416371": 1783546040.627792
}