{
  "active_channels": [
    "@FeaturesticLeaks",
    "-1003127698519",
    "-1003816298791",
    "-1002209470453",
    "-1003804841318",
    "-1003358292168",
    -1002740071713,
    "-1002740071713",
    -1003396595597,
    "-1003396595597",
    -1001905995742,
    "-1001905995742",
    -1001985948036,
    "-1001985948036"
  ],
  "channel_states": {
    "@FeaturesticLeaks": {
      "official_welcome_ad": 1783405190.8698301,
      "mod_making_course_free": 1783361956.6725469,
      "ad_1783319193": 1783439325.4953134,
      "ad_1783337294": 1783391372.773928,
      "ad_1783416371": 1783402022.110395
    },
    "-1003127698519": {
      "official_welcome_ad": 1783405313.581588,
      "mod_making_course_free": 1783362080.6182907,
      "ad_1783319193": 1783439326.077134,
      "ad_1783337294": 1783391373.2872398,
      "ad_1783416371": 1783402022.1106935
    },
    "-1003816298791": {
      "official_welcome_ad": 1783405375.1116297,
      "mod_making_course_free": 1783362142.9327965,
      "ad_1783319193": 1783439326.7578707,
      "ad_1783337294": 1783391373.808325,
      "ad_1783416371": 1783402022.1110694
    },
    "-1002209470453": {
      "official_welcome_ad": 1783405375.6592698,
      "mod_making_course_free": 1783362143.6072161,
      "ad_1783319193": 1783439327.313439,
      "ad_1783337294": 1783391374.310913,
      "ad_1783416371": 1783402022.1114073
    },
    "-1003804841318": {
      "official_welcome_ad": 1783405437.1677415,
      "mod_making_course_free": 1783362205.894612,
      "ad_1783319193": 1783439327.87235,
      "ad_1783337294": 1783391374.8342175,
      "ad_1783416371": 1783402022.111729
    },
    "-1003358292168": {
      "official_welcome_ad": 1783405864.955573,
      "mod_making_course_free": 1783434681.847505,
      "ad_1783319193": 1783439450.8947985,
      "ad_1783337294": 1783391375.4254742,
      "ad_1783416371": 1783402022.1120262
    },
    "-1002740071713": {
      "official_welcome_ad": 1783405926.7414138,
      "mod_making_course_free": 1783434743.683246,
      "ad_1783319193": 1783439573.8641977,
      "ad_1783337294": 1783391375.9763067,
      "ad_1783416371": 1783402022.1123145
    },
    "-1003396595597": {
      "official_welcome_ad": 1783406049.2168522,
      "mod_making_course_free": 1783434866.2019892,
      "ad_1783319193": 1783439635.413613,
      "ad_1783337294": 1783391376.893582,
      "ad_1783416371": 1783402022.1126218
    },
    "-1001905995742": {
      "official_welcome_ad": 1783406111.0299876,
      "mod_making_course_free": 1783434927.7740688,
      "ad_1783319193": 1783439697.1202278,
      "ad_1783337294": 1783391377.452123,
      "ad_1783416371": 1783402022.1130476
    },
    "-1001985948036": {
      "official_welcome_ad": 1783406233.621319,
      "mod_making_course_free": 1783435050.4340436,
      "ad_1783319193": 1783439881.3574123,
      "ad_1783337294": 1783391378.1211233,
      "ad_1783416371": 1783402022.1134067
    }
  },
  "official_welcome_ad": 1783406233.6213214,
  "admin_chat_id": 1969067694,
  "admin_states": {
    "1969067694": {
      "step": "None",
      "temp_ad": {},
      "editing_ad_id": null
    }
  },
  "mod_making_course_free": 1783435050.434045,
  "ad_1783319193": 1783439881.3574142,
  "ad_1783337294": 1783391378.121125
}