{
  "active_channels": [
    "@FeaturesticLeaks",
    "-1003127698519",
    "-1003816298791",
    "-1002209470453",
    "-1003804841318",
    "-1003358292168",
    -1002740071713,
    "-1002740071713",
    -1003396595597,
    "-1003396595597",
    -1001905995742,
    "-1001905995742",
    -1001985948036,
    "-1001985948036"
  ],
  "channel_states": {
    "@FeaturesticLeaks": {
      "official_welcome_ad": 1783405190.8698301,
      "mod_making_course_free": 1783361956.6725469,
      "ad_1783319193": 1783367311.5951328,
      "ad_1783337294": 1783391372.773928,
      "ad_1783416371": 1783402022.110395
    },
    "-1003127698519": {
      "official_welcome_ad": 1783405313.581588,
      "mod_making_course_free": 1783362080.6182907,
      "ad_1783319193": 1783367312.2558117,
      "ad_1783337294": 1783391373.2872398,
      "ad_1783416371": 1783402022.1106935
    },
    "-1003816298791": {
      "official_welcome_ad": 1783405375.1116297,
      "mod_making_course_free": 1783362142.9327965,
      "ad_1783319193": 1783367312.9679363,
      "ad_1783337294": 1783391373.808325,
      "ad_1783416371": 1783402022.1110694
    },
    "-1002209470453": {
      "official_welcome_ad": 1783405375.6592698,
      "mod_making_course_free": 1783362143.6072161,
      "ad_1783319193": 1783367313.6458907,
      "ad_1783337294": 1783391374.310913,
      "ad_1783416371": 1783402022.1114073
    },
    "-1003804841318": {
      "official_welcome_ad": 1783405437.1677415,
      "mod_making_course_free": 1783362205.894612,
      "ad_1783319193": 1783367314.3666785,
      "ad_1783337294": 1783391374.8342175,
      "ad_1783416371": 1783402022.111729
    },
    "-1003358292168": {
      "official_welcome_ad": 1783405864.955573,
      "mod_making_course_free": 1783348258.9997957,
      "ad_1783319193": 1783367438.1528668,
      "ad_1783337294": 1783391375.4254742,
      "ad_1783416371": 1783402022.1120262
    },
    "-1002740071713": {
      "official_welcome_ad": 1783405926.7414138,
      "mod_making_course_free": 1783348321.052378,
      "ad_1783319193": 1783367561.9656148,
      "ad_1783337294": 1783391375.9763067,
      "ad_1783416371": 1783402022.1123145
    },
    "-1003396595597": {
      "official_welcome_ad": 1783406049.2168522,
      "mod_making_course_free": 1783348443.8878856,
      "ad_1783319193": 1783367624.263902,
      "ad_1783337294": 1783391376.893582,
      "ad_1783416371": 1783402022.1126218
    },
    "-1001905995742": {
      "official_welcome_ad": 1783406111.0299876,
      "mod_making_course_free": 1783348505.6163595,
      "ad_1783319193": 1783367686.5649118,
      "ad_1783337294": 1783391377.452123,
      "ad_1783416371": 1783402022.1130476
    },
    "-1001985948036": {
      "official_welcome_ad": 1783406233.621319,
      "mod_making_course_free": 1783348628.4526987,
      "ad_1783319193": 1783367871.852676,
      "ad_1783337294": 1783391378.1211233,
      "ad_1783416371": 1783402022.1134067
    }
  },
  "official_welcome_ad": 1783406233.6213214,
  "admin_chat_id": 1969067694,
  "admin_states": {
    "1969067694": {
      "step": "None",
      "temp_ad": {},
      "editing_ad_id": null
    }
  },
  "mod_making_course_free": 1783362205.8946135,
  "ad_1783319193": 1783367871.8526773,
  "ad_1783337294": 1783391378.121125
}